Name,Rating,Status,Opening/Closing Time,Venue Type,Url
Arsen Lüpen Taksim,"4,2 yıldızlı 845 Yorum",Açık,⋅ Kapanış saati: 04:00,Bar,https://www.google.com/maps/place/Arsen+L%C3%BCpen+Taksim/data=!4m7!3m6!1s0x14cab766a667a58d:0x31b7da3dc30fb140!8m2!3d41.036051!4d28.9815663!16s%2Fg%2F11bxd8fw7h!19sChIJjaVnpma3yhQRQLEPwz3atzE?authuser=0&hl=tr&rclk=1
u2 istanbul irish pub,"4,7 yıldızlı 2.399 Yorum",Kapalı,⋅ Açılış saati: 17:00,İrlanda pub'ı,https://www.google.com/maps/place/u2+istanbul+irish+pub/data=!4m7!3m6!1s0x14cab76420a6fab7:0xee9d0dcd9550de34!8m2!3d41.036534!4d28.981911!16s%2Fg%2F1tdst2g1!19sChIJt_qmIGS3yhQRNN5Qlc0Nne4?authuser=0&hl=tr&rclk=1
Ritim Roof (Teras),"4,5 yıldızlı 2.814 Yorum",Açık,⋅ Kapanış zamanı: Per 04:30,Bar,https://www.google.com/maps/place/Ritim+Roof+%28Teras%29/data=!4m7!3m6!1s0x14cab76090330d6b:0x19670e2d7875eff0!8m2!3d41.0347955!4d28.977123!16s%2Fg%2F1tmcv9x_!19sChIJaw0zkGC3yhQR8O91eC0OZxk?authuser=0&hl=tr&rclk=1
Oldies Taksim,"4,1 yıldızlı 358 Yorum",Açık,⋅ Kapanış zamanı: Per 08:00,Bar,https://www.google.com/maps/place/Oldies+Taksim/data=!4m7!3m6!1s0x14cab741003498f3:0x89eca29ee71a1280!8m2!3d41.036242!4d28.981084!16s%2Fg%2F11gxp44q10!19sChIJ85g0AEG3yhQRgBIa556i7Ik?authuser=0&hl=tr&rclk=1
Back Street Club & Rooftop Bar Taksim,"4,7 yıldızlı 2.095 Yorum",Kapalı,⋅ Açılış saati: 16:00,Gece kulübü,https://www.google.com/maps/place/Back+Street+Club+%26+Rooftop+Bar+Taksim/data=!4m7!3m6!1s0x14caa565bad8ada1:0x1da4de09c5c59854!8m2!3d41.0351236!4d28.9769801!16s%2Fg%2F11h75q076g!19sChIJoa3YumWlyhQRVJjFxQnepB0?authuser=0&hl=tr&rclk=1
Irish Pub The James Joyce,"4,4 yıldızlı 2.512 Yorum",Açık,⋅ Kapanış saati: 02:00,İrlanda pub'ı,https://www.google.com/maps/place/Irish+Pub+The+James+Joyce/data=!4m7!3m6!1s0x14cab760dcd8662f:0x7bf3f20167531761!8m2!3d41.0350584!4d28.9784658!16s%2Fg%2F1tfh6w2p!19sChIJL2bY3GC3yhQRYRdTZwHy83s?authuser=0&hl=tr&rclk=1
FredBarİstanbul,"4,7 yıldızlı 1.141 Yorum",Açık,⋅ Kapanış saati: 02:30,Bar,https://www.google.com/maps/place/FredBar%C4%B0stanbul/data=!4m7!3m6!1s0x14cab91651dfb1c1:0x8e0a0671c864f01b!8m2!3d41.0290217!4d28.974219!16s%2Fg%2F11j8mfhpd0!19sChIJwbHfURa5yhQRG_BkyHEGCo4?authuser=0&hl=tr&rclk=1
The Bite Balo,"4,1 yıldızlı 974 Yorum",24 saat açık,⋅ Kapanış saati: 04:00,Canlı Müzik Olan Bar,https://www.google.com/maps/place/The+Bite+Balo/data=!4m7!3m6!1s0x14cab760e592c3a3:0xa58be1a9f8b14e6b!8m2!3d41.034513!4d28.978432!16s%2Fg%2F11f1ym5mdw!19sChIJo8OS5WC3yhQRa06x-Knhi6U?authuser=0&hl=tr&rclk=1
No1 Cocktail Bar,"4,7 yıldızlı 463 Yorum",Açık,⋅ Kapanış saati: 04:00,Kokteyl bar,https://www.google.com/maps/place/No1+Cocktail+Bar/data=!4m7!3m6!1s0x14cab9caedfcdba5:0x25e7a524e256cfc4!8m2!3d41.0296146!4d28.9743674!16s%2Fg%2F11k4swc40k!19sChIJpdv87cq5yhQRxM9W4iSl5yU?authuser=0&hl=tr&rclk=1
Rock N Rolla,"4,2 yıldızlı 1.390 Yorum",Açık,⋅ Kapanış saati: 02:00,Bar,https://www.google.com/maps/place/Rock+N+Rolla/data=!4m7!3m6!1s0x14cab7641f5db989:0xd61e6bb8f4948346!8m2!3d41.0362415!4d28.9817927!16s%2Fg%2F11clycvl_k!19sChIJibldH2S3yhQRRoOU9LhrHtY?authuser=0&hl=tr&rclk=1
Ziba,"4,5 yıldızlı 1.127 Yorum",Açık,⋅ Kapanış saati: 02:00,Pub,https://www.google.com/maps/place/Ziba/data=!4m7!3m6!1s0x14cab76014b50f77:0xa23dc4b50f7d7f9a!8m2!3d41.0327723!4d28.9773007!16s%2Fg%2F11bxg9rhb1!19sChIJdw-1FGC3yhQRmn99D7XEPaI?authuser=0&hl=tr&rclk=1
Kharon Cafe & Bar,"4,3 yıldızlı 484 Yorum",Açık,⋅ Kapanış saati: 02:00,Bar,https://www.google.com/maps/place/Kharon+Cafe+%26+Bar/data=!4m7!3m6!1s0x14cab76156fcd9ef:0x904837d2100fe9ba!8m2!3d41.0348157!4d28.981844!16s%2Fg%2F11c7vvt559!19sChIJ79n8VmG3yhQRuukPENI3SJA?authuser=0&hl=tr&rclk=1
Moretenders’ Cocktail Crib & Sushi,"4,3 yıldızlı 1.130 Yorum",Açık,⋅ Kapanış saati: 03:00,Kokteyl bar,https://www.google.com/maps/place/Moretenders%E2%80%99+Cocktail+Crib+%26+Sushi/data=!4m7!3m6!1s0x14cab9e0ea120e87:0x34f5d657c751f32f!8m2!3d41.0290603!4d28.9744046!16s%2Fg%2F11clvp8rn0!19sChIJhw4S6uC5yhQRL_NRx1fW9TQ?authuser=0&hl=tr&rclk=1
Pera Cafe/Bar,"4,5 yıldızlı 668 Yorum",Açık,⋅ Kapanış saati: 02:00,Bar,https://www.google.com/maps/place/Pera+Cafe%2FBar/data=!4m7!3m6!1s0x14cab7611284bae1:0x3ba92be8f6a26cb8!8m2!3d41.03374!4d28.980539!16s%2Fg%2F11ddxkpzq2!19sChIJ4bqEEmG3yhQRuGyi9ugrqTs?authuser=0&hl=tr&rclk=1
Celtic Irish Pub Istanbul,"4,7 yıldızlı 6.338 Yorum",Açık,⋅ Kapanış saati: 04:00,Pub,https://www.google.com/maps/place/Celtic+Irish+Pub+Istanbul/data=!4m7!3m6!1s0x14cab90058fdeef7:0x9262081b91fe0cff!8m2!3d41.0292315!4d28.9749897!16s%2Fg%2F11j4s326_p!19sChIJ9-79WAC5yhQR_wz-kRsIYpI?authuser=0&hl=tr&rclk=1
The Pub Beyoglu,"4,5 yıldızlı 464 Yorum",Açık,⋅ Kapanış saati: 04:00,Pub,https://www.google.com/maps/place/The+Pub+Beyoglu/data=!4m7!3m6!1s0x14cab780d67e0359:0x901557a98e46b20f!8m2!3d41.0357534!4d28.9818355!16s%2Fg%2F11h7mfk7w9!19sChIJWQN-1oC3yhQRD7JGjqlXFZA?authuser=0&hl=tr&rclk=1
Yuri Gagarin Bar,"4,6 yıldızlı 1.522 Yorum",Açık,⋅ Kapanış saati: 03:00,Bar,https://www.google.com/maps/place/Yuri+Gagarin+Bar/data=!4m7!3m6!1s0x14cab76112839771:0x7822a78aa538cef!8m2!3d41.0339586!4d28.9803349!16s%2Fg%2F1hhvz5hf4!19sChIJcZeDEmG3yhQR74xTqngqggc?authuser=0&hl=tr&rclk=1
The Wall Bar,"4,4 yıldızlı 382 Yorum",Açık,⋅ Açılış saati: 17:00,Bar,https://www.google.com/maps/place/The+Wall+Bar/data=!4m7!3m6!1s0x14cab766baec7b27:0x7026149df07b8e48!8m2!3d41.0360454!4d28.9811958!16s%2Fg%2F11xqd1gp7!19sChIJJ3vsuma3yhQRSI578J0UJnA?authuser=0&hl=tr&rclk=1
Dorock Heavy Metal Club,"4,6 yıldızlı 818 Yorum",Kapalı,⋅ Kapanış saati: 03:30,Bar,https://www.google.com/maps/place/Dorock+Heavy+Metal+Club/data=!4m7!3m6!1s0x14cab79fdb4b432d:0x93cab4c104f6d8aa!8m2!3d41.034963!4d28.977456!16s%2Fg%2F11p4rvbc69!19sChIJLUNL25-3yhQRqtj2BMG0ypM?authuser=0&hl=tr&rclk=1
Corner Irish Pub,"4,5 yıldızlı 3.712 Yorum",Açık,⋅ Kapanış saati: 02:30,Pub,https://www.google.com/maps/place/Corner+Irish+Pub/data=!4m7!3m6!1s0x14cab7607b849bbb:0x216ba8b0d292fcaa!8m2!3d41.0338453!4d28.9766694!16s%2Fg%2F11bysjwcv0!19sChIJu5uEe2C3yhQRqvyS0rCoayE?authuser=0&hl=tr&rclk=1
Bar Rasputın,"4,3 yıldızlı 348 Yorum",Açık,⋅ Kapanış saati: 03:00,Bar,https://www.google.com/maps/place/Bar+Rasput%C4%B1n/data=!4m7!3m6!1s0x14cab766b9087ed7:0xed48cab1e98b46b5!8m2!3d41.0360811!4d28.981736!16s%2Fg%2F11cjhbsk29!19sChIJ134IuWa3yhQRtUaL6bHKSO0?authuser=0&hl=tr&rclk=1
Bubble Pub,"4,1 yıldızlı 655 Yorum",Açık,⋅ Kapanış saati: 03:00,Pub,https://www.google.com/maps/place/Bubble+Pub/data=!4m7!3m6!1s0x14cab760e81589e5:0x476390c1178f2de5!8m2!3d41.034898!4d28.9782439!16s%2Fg%2F1tcx96nm!19sChIJ5YkV6GC3yhQR5S2PF8GQY0c?authuser=0&hl=tr&rclk=1
Mezzo Bar,"4,2 yıldızlı 536 Yorum",Açık,⋅ Kapanış saati: 02:00,Bar,https://www.google.com/maps/place/Mezzo+Bar/data=!4m7!3m6!1s0x14cab7606310ea77:0x1be08e4b0506ccab!8m2!3d41.0340604!4d28.9767679!16s%2Fg%2F11bzsdcllx!19sChIJd-oQY2C3yhQRq8wGBUuO4Bs?authuser=0&hl=tr&rclk=1
Tower Pub,"4,7 yıldızlı 809 Yorum",Açık,⋅ Açılış saati: 22:00,Bar,https://www.google.com/maps/place/Tower+Pub/data=!4m7!3m6!1s0x14cab9e7a609172d:0xc8fb17a5a1389843!8m2!3d41.0254119!4d28.9740291!16s%2Fg%2F11gdz48f05!19sChIJLRcJpue5yhQRQ5g4oaUX-8g?authuser=0&hl=tr&rclk=1
CLUB IQ,"4,7 yıldızlı 5.655 Yorum",Kapalı,⋅ Kapanış saati: 04:00,Bar,https://www.google.com/maps/place/CLUB+IQ/data=!4m7!3m6!1s0x14cab76145e71bcf:0x6fbdfe9741933bfd!8m2!3d41.0349644!4d28.9809031!16s%2Fg%2F1tgfsb9q!19sChIJzxvnRWG3yhQR_TuTQZf-vW8?authuser=0&hl=tr&rclk=1
Asmali Pera Bar,"4,4 yıldızlı 503 Yorum",Açık,⋅ Kapanış saati: 04:00,Bar,https://www.google.com/maps/place/Asmali+Pera+Bar/data=!4m7!3m6!1s0x14cab9b28a1da62d:0x9db3970dd7dec877!8m2!3d41.029916!4d28.974728!16s%2Fg%2F11h22jm0l6!19sChIJLaYdirK5yhQRd8je1w2Xs50?authuser=0&hl=tr&rclk=1
Pendor,"4,4 yıldızlı 399 Yorum",Açık,⋅ Kapanış saati: 04:00,Bar,https://www.google.com/maps/place/Pendor/data=!4m7!3m6!1s0x14cab7612f2cf26b:0xca6cd1dd54eb699e!8m2!3d41.0351143!4d28.9788346!16s%2Fg%2F1tqbfc11!19sChIJa_IsL2G3yhQRnmnrVN3RbMo?authuser=0&hl=tr&rclk=1
Beer House,"3,6 yıldızlı 630 Yorum",Açık,⋅ Kapanış saati: 04:00,Bar,https://www.google.com/maps/place/Beer+House/data=!4m7!3m6!1s0x14cab760e8b4d7ef:0x42170a3637204623!8m2!3d41.0348129!4d28.9774627!16s%2Fg%2F1hc4581kl!19sChIJ79e06GC3yhQRI0YgNzYKF0I?authuser=0&hl=tr&rclk=1
Fakülte Teras,"3,8 yıldızlı 1.075 Yorum",Açık,⋅ Kapanış saati: 02:00,Yetişkinlere Yönelik Eğlence Kulübü,https://www.google.com/maps/place/Fak%C3%BClte+Teras/data=!4m7!3m6!1s0x14cab76418b094df:0xfb76b970291e3903!8m2!3d41.0364599!4d28.9825426!16s%2Fg%2F11ggr5sm_p!19sChIJ35SwGGS3yhQRAzkeKXC5dvs?authuser=0&hl=tr&rclk=1
Montreal Shot Bar,"3,9 yıldızlı 438 Yorum",Açık,⋅ Kapanış saati: 04:00,Kokteyl bar,https://www.google.com/maps/place/Montreal+Shot+Bar/data=!4m7!3m6!1s0x14cab9e08ea27d53:0xcccae4678a69e757!8m2!3d41.0297739!4d28.9748323!16s%2Fg%2F1hc6jmw8s!19sChIJU32ijuC5yhQRV-dpimfkysw?authuser=0&hl=tr&rclk=1
Mr. Bliss,"4,2 yıldızlı 397 Yorum",Açık,⋅ Kapanış saati: 03:00,Bar,https://www.google.com/maps/place/Mr.+Bliss/data=!4m7!3m6!1s0x14cab760ef47fe19:0x5a76df6681c1a410!8m2!3d41.0345827!4d28.9782769!16s%2Fg%2F11c1pkxs71!19sChIJGf5H72C3yhQREKTBgWbfdlo?authuser=0&hl=tr&rclk=1
Karaoke Bar Taksim,"4,1 yıldızlı 17 Yorum",Açık,⋅ Kapanış saati: 04:00,Bar,https://www.google.com/maps/place/Karaoke+Bar+Taksim/data=!4m7!3m6!1s0x14cab76450842383:0x516757082c39046e!8m2!3d41.0361687!4d28.984456!16s%2Fg%2F11c2pjxb0w!19sChIJgyOEUGS3yhQRbgQ5LAhXZ1E?authuser=0&hl=tr&rclk=1
Vosvos Cafe Bar,"4,3 yıldızlı 225 Yorum",Açık,⋅ Açılış saati: 15:00,Bar,https://www.google.com/maps/place/Vosvos+Cafe+Bar/data=!4m7!3m6!1s0x14cab761423cefaf:0x9c3969a254c0ec96!8m2!3d41.0339339!4d28.9800969!16s%2Fg%2F1tdf_yf5!19sChIJr-88QmG3yhQRluzAVKJpOZw?authuser=0&hl=tr&rclk=1
Lala Bar,"4,4 yıldızlı 220 Yorum",Kapalı,⋅ Kapanış saati: 01:30,Bar,https://www.google.com/maps/place/Lala+Bar/data=!4m7!3m6!1s0x14cab9e0edc50423:0xf04871ec16267c3a!8m2!3d41.029569!4d28.9743565!16s%2Fg%2F1tk69x7h!19sChIJIwTF7eC5yhQROnwmFuxxSPA?authuser=0&hl=tr&rclk=1
45lik Bar,"4,0 yıldızlı 1.018 Yorum",Açık,⋅ Kapanış saati: 04:00,Bar,https://www.google.com/maps/place/45lik+Bar/data=!4m7!3m6!1s0x14cab7603f70de0b:0xfd93eb51679bb33e!8m2!3d41.0322064!4d28.9780802!16s%2Fg%2F1td2q96y!19sChIJC95wP2C3yhQRPrObZ1Hrk_0?authuser=0&hl=tr&rclk=1
Jack Bar Beyoğlu,"4,9 yıldızlı 91 Yorum",Açık,⋅ Kapanış saati: 02:00,Bar,https://www.google.com/maps/place/Jack+Bar+Beyo%C4%9Flu/data=!4m7!3m6!1s0x14cab75d07641bf9:0xd842591084d3ce04!8m2!3d41.0362281!4d28.9817009!16s%2Fg%2F11t6tsxw5w!19sChIJ-RtkB123yhQRBM7ThBBZQtg?authuser=0&hl=tr&rclk=1
Taksim Gold Bar,"4,5 yıldızlı 32 Yorum",Açık,⋅ Kapanış saati: 04:00,Bar,https://www.google.com/maps/place/Taksim+Gold+Bar/data=!4m7!3m6!1s0x14cab760c4a32e2d:0x12caf76405e675d6!8m2!3d41.0391425!4d28.9843777!16s%2Fg%2F11rhcctdhl!19sChIJLS6jxGC3yhQR1nXmBWT3yhI?authuser=0&hl=tr&rclk=1
Otto,"4,1 yıldızlı 848 Yorum",Açık,⋅ Açılış zamanı: Per 15:00,Bar,https://www.google.com/maps/place/Otto/data=!4m7!3m6!1s0x14cab763cab30fef:0x1a8a7c7273e98a4f!8m2!3d41.032139!4d28.9830649!16s%2Fg%2F1ptz2_6s7!19sChIJ7w-zymO3yhQRT4rpc3J8iho?authuser=0&hl=tr&rclk=1
Retro Pera Bar,"4,5 yıldızlı 1.139 Yorum",Kapalı,⋅ Kapanış saati: 01:00,Pub,https://www.google.com/maps/place/Retro+Pera+Bar/data=!4m7!3m6!1s0x14cab95c80cc53f1:0xfe763c3429fdd6a7!8m2!3d41.0296908!4d28.9749863!16s%2Fg%2F11fp8xlqnh!19sChIJ8VPMgFy5yhQRp9b9KTQ8dv4?authuser=0&hl=tr&rclk=1
Balkon Restaurant & Bar,"4,3 yıldızlı 1.409 Yorum",Açık,⋅ Açılış saati: 15:00,Bar,https://www.google.com/maps/place/Balkon+Restaurant+%26+Bar/data=!4m7!3m6!1s0x14cab9e0e52afde9:0xfc69a856a135cbaf!8m2!3d41.029808!4d28.9739337!16s%2Fg%2F1thvd7wn!19sChIJ6f0q5eC5yhQRr8s1oVaoafw?authuser=0&hl=tr&rclk=1
Dab Pub Pera,"4,6 yıldızlı 695 Yorum",Kapalı,⋅ Açılış saati: 15:00,Pub,https://www.google.com/maps/place/Dab+Pub+Pera/data=!4m7!3m6!1s0x14cab71c4188f0c3:0x5edd9dbf6e18fd9e!8m2!3d41.0333064!4d28.9753674!16s%2Fg%2F11r3lbjcql!19sChIJw_CIQRy3yhQRnv0Ybr-d3V4?authuser=0&hl=tr&rclk=1
Çiçek Bar,"4,2 yıldızlı 346 Yorum",Kapalı,⋅ Açılış saati: 21:00,Canlı Müzik Olan Bar,https://www.google.com/maps/place/%C3%87i%C3%A7ek+Bar/data=!4m7!3m6!1s0x14cab76388260727:0xbce853d68593f2c4!8m2!3d41.034565!4d28.9840046!16s%2Fg%2F1tdhp0nh!19sChIJJwcmiGO3yhQRxPKThdZT6Lw?authuser=0&hl=tr&rclk=1
Taksim Lounge Cafe-Bar,"4,2 yıldızlı 5 Yorum",Kapalı,⋅ Kapanış saati: 03:30,Bar,https://www.google.com/maps/place/Taksim+Lounge+Cafe-Bar/data=!4m7!3m6!1s0x14cab77630c65749:0x7324e95567114547!8m2!3d41.034733!4d28.9815809!16s%2Fg%2F11f5_689b7!19sChIJSVfGMHa3yhQRR0URZ1XpJHM?authuser=0&hl=tr&rclk=1
City Lights Bar - InterContinental Istanbul,"4,5 yıldızlı 294 Yorum",Açık,⋅ Kapanış saati: 04:00,Bar,https://www.google.com/maps/place/City+Lights+Bar+-+InterContinental+Istanbul/data=!4m7!3m6!1s0x14cab767aaaaaaab:0x62f3e06be1491d9b!8m2!3d41.0398623!4d28.9879666!16s%2Fg%2F11b7pzsvgh!19sChIJq6qqqme3yhQRmx1J4Wvg82I?authuser=0&hl=tr&rclk=1
Kumsaati Blues Club,"4,6 yıldızlı 635 Yorum",Açık,⋅ Kapanış saati: 03:00,Blues Kulübü,https://www.google.com/maps/place/Kumsaati+Blues+Club/data=!4m7!3m6!1s0x14cab9e0e17d1487:0x5ab971c70053b871!8m2!3d41.0295141!4d28.9734601!16s%2Fg%2F11bxg34_qs!19sChIJhxR94eC5yhQRcbhTAMdxuVo?authuser=0&hl=tr&rclk=1
LOOT TERRACE,"4,6 yıldızlı 440 Yorum",Açık,⋅ Kapanış saati: 04:00,Bar,https://www.google.com/maps/place/LOOT+TERRACE/data=!4m7!3m6!1s0x14cab783819473e1:0xbb934400a21ea0ac!8m2!3d41.036248!4d28.981757!16s%2Fg%2F11h7l14zqy!19sChIJ4XOUgYO3yhQRrKAeogBEk7s?authuser=0&hl=tr&rclk=1
Munzur Cafe Bar,"4,0 yıldızlı 243 Yorum",Açık,⋅ Açılış saati: 15:00,Bar,https://www.google.com/maps/place/Munzur+Cafe+Bar/data=!4m7!3m6!1s0x14cab761452af11d:0x1e433aeb9b4eb9d4!8m2!3d41.0345332!4d28.9812594!16s%2Fg%2F1tht94s0!19sChIJHfEqRWG3yhQR1LlOm-s6Qx4?authuser=0&hl=tr&rclk=1
Asmalı Shot House,"4,4 yıldızlı 184 Yorum",Kapalı,⋅ Açılış zamanı: Cum 23:00,Bar,https://www.google.com/maps/place/Asmal%C4%B1+Shot+House/data=!4m7!3m6!1s0x14cab9e0e9536d6d:0x4811cbb361583704!8m2!3d41.0295135!4d28.9743378!16s%2Fg%2F11gf0dblrb!19sChIJbW1T6eC5yhQRBDdYYbPLEUg?authuser=0&hl=tr&rclk=1
Damlalar Türküevi,"4,8 yıldızlı 634 Yorum",Kapalı,⋅ Kapanış saati: 01:30,Bar,https://www.google.com/maps/place/Damlalar+T%C3%BCrk%C3%BCevi/data=!4m7!3m6!1s0x14cab76113f4f4cf:0xae915ca903a4e216!8m2!3d41.034179!4d28.980253!16s%2Fg%2F1tfz7hy0!19sChIJz_T0E2G3yhQRFuKkA6lcka4?authuser=0&hl=tr&rclk=1
9/6 Coffee & Pub,"4,0 yıldızlı 59 Yorum",Açık,⋅ Açılış saati: 23:00,Pub,https://www.google.com/maps/place/9%2F6+Coffee+%26+Pub/data=!4m7!3m6!1s0x14cab7669e02d4bb:0x88830b8f8187053a!8m2!3d41.0365457!4d28.9819516!16s%2Fg%2F11ddz_sxf7!19sChIJu9QCnma3yhQROgWHgY8Lg4g?authuser=0&hl=tr&rclk=1
LOST TERAS,"4,2 yıldızlı 160 Yorum",Kapalı,⋅ Kapanış saati: 04:00,Bar,https://www.google.com/maps/place/LOST+TERAS/data=!4m7!3m6!1s0x14cab76420ac4f9f:0xb081c1d4efaa695f!8m2!3d41.0365476!4d28.9819433!16s%2Fg%2F11cn9p6cm2!19sChIJn0-sIGS3yhQRX2mq79TBgbA?authuser=0&hl=tr&rclk=1
Stay Club Istanbul,"3,9 yıldızlı 603 Yorum",Açık,⋅ Açılış saati: 17:00,Gay Bar,https://www.google.com/maps/place/Stay+Club+Istanbul/data=!4m7!3m6!1s0x14cab766bb243d7f:0x92317164790a18eb!8m2!3d41.0349709!4d28.984861!16s%2Fg%2F1vkr0tm9!19sChIJfz0ku2a3yhQR6xgKeWRxMZI?authuser=0&hl=tr&rclk=1
Ispanak Bar,"4,2 yıldızlı 2.146 Yorum",Kapalı,⋅ Açılış saati: 17:00,Bar,https://www.google.com/maps/place/Ispanak+Bar/data=!4m7!3m6!1s0x14cab763fb3bbcb9:0x5a13ef3f29dea125!8m2!3d41.0342712!4d28.9827899!16s%2Fg%2F1tg_6hrd!19sChIJubw7-2O3yhQRJaHeKT_vE1o?authuser=0&hl=tr&rclk=1
Taksim Class Bar,"4,0 yıldızlı 70 Yorum",Kapalı,⋅ Kapanış saati: 03:00,Bar,https://www.google.com/maps/place/Taksim+Class+Bar/data=!4m7!3m6!1s0x14cab76f0e0b2aab:0xb494fd40fa65b3b0!8m2!3d41.0404754!4d28.9843985!16s%2Fg%2F11c1xp71nm!19sChIJqyoLDm-3yhQRsLNl-kD9lLQ?authuser=0&hl=tr&rclk=1
Şiirci,"4,6 yıldızlı 145 Yorum",Açık,⋅ Açılış saati: 16:00,Bar,https://www.google.com/maps/place/%C5%9Eiirci/data=!4m7!3m6!1s0x14cab7be68a0bc47:0xac883aeff0ea4a94!8m2!3d41.0362497!4d28.9809501!16s%2Fg%2F11j1tn1q3r!19sChIJR7ygaL63yhQRlErq8O86iKw?authuser=0&hl=tr&rclk=1
Otantik Türkü Bar,"3,6 yıldızlı 573 Yorum",Kapalı,⋅ Kapanış saati: 04:00,Bar,https://www.google.com/maps/place/Otantik+T%C3%BCrk%C3%BC+Bar/data=!4m7!3m6!1s0x14cab765d0e80813:0x499d2f8cd5145570!8m2!3d41.0348738!4d28.9782535!16s%2Fg%2F1thwlq2y!19sChIJEwjo0GW3yhQRcFUU1YwvnUk?authuser=0&hl=tr&rclk=1
Pinokyo Terrace Club,"4,1 yıldızlı 788 Yorum",Açık,⋅ Açılış saati: 17:00,Bar,https://www.google.com/maps/place/Pinokyo+Terrace+Club/data=!4m7!3m6!1s0x14cab76146fb163b:0xea55b21d7b1674a7!8m2!3d41.0346709!4d28.9825934!16s%2Fg%2F1v3wh2g9!19sChIJOxb7RmG3yhQRp3QWex2yVeo?authuser=0&hl=tr&rclk=1
Pacific House,"4,3 yıldızlı 123 Yorum",Kapalı,⋅ Kapanış saati: 03:00,Bar,https://www.google.com/maps/place/Pacific+House/data=!4m7!3m6!1s0x14cab9e0f308c2c1:0x23dac603a607ca96!8m2!3d41.0298406!4d28.9745394!16s%2Fg%2F1tggdg_q!19sChIJwcII8-C5yhQRlsoHpgPG2iM?authuser=0&hl=tr&rclk=1
Geyik,"4,4 yıldızlı 743 Yorum",Açık,⋅ Kapanış saati: 04:00,Bar,https://www.google.com/maps/place/Geyik/data=!4m7!3m6!1s0x14cab762129b11b3:0x58e794e84be24c44!8m2!3d41.0303462!4d28.9838084!16s%2Fg%2F1hc5ggf2l!19sChIJsxGbEmK3yhQRREziS-iU51g?authuser=0&hl=tr&rclk=1
Bodega Cafe & Pub,"4,1 yıldızlı 113 Yorum",Açık,⋅ Kapanış saati: 02:00,Pub,https://www.google.com/maps/place/Bodega+Cafe+%26+Pub/data=!4m7!3m6!1s0x14cab749d6d34cab:0x800b9a34d49f67b4!8m2!3d41.0358375!4d28.9816629!16s%2Fg%2F11f7r5_1t7!19sChIJq0zT1km3yhQRtGef1DSaC4A?authuser=0&hl=tr&rclk=1
The Red Balloon Restoran & Bar,"4,7 yıldızlı 401 Yorum",Açık,⋅ Açılış saati: 21:00,Restoran,https://www.google.com/maps/place/The+Red+Balloon+Restoran+%26+Bar/data=!4m7!3m6!1s0x14cacb245fc93089:0x32a7320e134677f2!8m2!3d41.028916!4d28.974298!16s%2Fg%2F11swmjzx0y!19sChIJiTDJXyTLyhQR8ndGEw4ypzI?authuser=0&hl=tr&rclk=1
Harmony Hilltop bar,"4,9 yıldızlı 699 Yorum",Kapalı,⋅ Açılış saati: 15:00,Bar,https://www.google.com/maps/place/Harmony+Hilltop+bar/data=!4m7!3m6!1s0x14cab94f130b5503:0xa3ef2329b7ce0791!8m2!3d41.01312!4d28.977742!16s%2Fg%2F11t2vp83lb!19sChIJA1ULE0-5yhQRkQfOtykj76M?authuser=0&hl=tr&rclk=1
Riot Pub,"4,5 yıldızlı 2 Yorum",Kapalı,⋅ Açılış saati: 20:00,Pub,https://www.google.com/maps/place/Riot+Pub/data=!4m7!3m6!1s0x14cab76145900695:0x2574ae690e080081!8m2!3d41.0347372!4d28.9810182!16s%2Fg%2F11j00s38gc!19sChIJlQaQRWG3yhQRgQAIDmmudCU?authuser=0&hl=tr&rclk=1
Eskici pera,"3,7 yıldızlı 353 Yorum",Kapalı,⋅ Kapanış saati: 02:30,Bar,https://www.google.com/maps/place/Eskici+pera/data=!4m7!3m6!1s0x14cab91ea1ea53fb:0xba71e5953c58c43f!8m2!3d41.0286529!4d28.9745297!16s%2Fg%2F11fkhmfrw9!19sChIJ-1PqoR65yhQRP8RYPJXlcbo?authuser=0&hl=tr&rclk=1
Taksim Sahra Club,"3,2 yıldızlı 103 Yorum",Açık,⋅ Kapanış saati: 03:00,Bar,https://www.google.com/maps/place/Taksim+Sahra+Club/data=!4m7!3m6!1s0x14cab761635bcc1f:0xdded0f485440d621!8m2!3d41.033495!4d28.9816358!16s%2Fg%2F1td7qj53!19sChIJH8xbY2G3yhQRIdZAVEgP7d0?authuser=0&hl=tr&rclk=1
Toprak Sahne - Taksim,"3,9 yıldızlı 117 Yorum",Açık,⋅ Açılış saati: 18:00,Canlı Müzik Olan Bar,https://www.google.com/maps/place/Toprak+Sahne+-+Taksim/data=!4m7!3m6!1s0x14cab76156b9d54f:0x4739c0f0cac50e0a!8m2!3d41.0346061!4d28.9826603!16s%2Fg%2F1tmmhpdb!19sChIJT9W5VmG3yhQRCg7FyvDAOUc?authuser=0&hl=tr&rclk=1
Novo,"4,3 yıldızlı 210 Yorum",Kapalı,⋅ Açılış saati: 18:00,Bar,https://www.google.com/maps/place/Novo/data=!4m7!3m6!1s0x14cab9e0f324f333:0x498c6ad1626b280b!8m2!3d41.0296853!4d28.9745776!16s%2Fg%2F1ttl12nn!19sChIJM_Mk8-C5yhQRCyhrYtFqjEk?authuser=0&hl=tr&rclk=1
Corridor Pera Bar,"4,0 yıldızlı 685 Yorum",Kapalı,⋅ Açılış saati: 19:00,Bar,https://www.google.com/maps/place/Corridor+Pera+Bar/data=!4m7!3m6!1s0x14cab9e059bbf2af:0xded1fa131037f75!8m2!3d41.030506!4d28.9740897!16s%2Fg%2F11fy2pv8pk!19sChIJr_K7WeC5yhQRdX8DMaEf7Q0?authuser=0&hl=tr&rclk=1
Kulp,"3,8 yıldızlı 272 Yorum",Kapalı,⋅ Açılış saati: 22:00,Pub,https://www.google.com/maps/place/Kulp/data=!4m7!3m6!1s0x14cab9e0f0597143:0x82340e059c6c9e68!8m2!3d41.0298281!4d28.9743606!16s%2Fg%2F11gj4p_0md!19sChIJQ3FZ8OC5yhQRaJ5snAUONII?authuser=0&hl=tr&rclk=1
Orient Bar,"4,4 yıldızlı 101 Yorum",Kapalı,⋅ Açılış saati: 18:30,Bar,https://www.google.com/maps/place/Orient+Bar/data=!4m7!3m6!1s0x14cab75fee941025:0x74151a66f1d7ebfd!8m2!3d41.0311682!4d28.973728!16s%2Fg%2F1tf2hrsq!19sChIJJRCU7l-3yhQR_evX8WYaFXQ?authuser=0&hl=tr&rclk=1
Eskici Pub,"3,5 yıldızlı 220 Yorum",Kapalı,⋅ Açılış saati: 20:00,Pub,https://www.google.com/maps/place/Eskici+Pub/data=!4m7!3m6!1s0x14cab7042daba045:0x7ccca092af69ab76!8m2!3d41.0341126!4d28.9799143!16s%2Fg%2F11td3tck1c!19sChIJRaCrLQS3yhQRdqtpr5KgzHw?authuser=0&hl=tr&rclk=1
^,"3,4 yıldızlı 367 Yorum",Kapalı,⋅ Açılış saati: 18:00,Bar,https://www.google.com/maps/place/%5E/data=!4m7!3m6!1s0x14cab757acedf58d:0xd2bdbf80e6650bd7!8m2!3d41.0408853!4d28.9807023!16s%2Fg%2F11fzf1dq92!19sChIJjfXtrFe3yhQR1wtl5oC_vdI?authuser=0&hl=tr&rclk=1
Bigudi Club,"4,2 yıldızlı 216 Yorum",Kapalı,⋅ Kapanış saati: 04:00,Bar,https://www.google.com/maps/place/Bigudi+Club/data=!4m7!3m6!1s0x14cab76510e4c1d3:0x5980b388bc23847c!8m2!3d41.036548!4d28.981957!16s%2Fg%2F1ptyqnmwm!19sChIJ08HkEGW3yhQRfIQjvIizgFk?authuser=0&hl=tr&rclk=1
Mektup Beyoğlu,"3,8 yıldızlı 253 Yorum",Açık,⋅ Kapanış saati: 02:00,Bar,https://www.google.com/maps/place/Mektup+Beyo%C4%9Flu/data=!4m7!3m6!1s0x14cab766bb2465af:0x8120ec2932707c10!8m2!3d41.0359309!4d28.9812841!16s%2Fg%2F1tdv99d8!19sChIJr2Uku2a3yhQREHxwMinsIIE?authuser=0&hl=tr&rclk=1
CLUB NEXUS İSTANBUL,"4,7 yıldızlı 1.922 Yorum",Açık,⋅ Açılış saati: 15:00,Gece kulübü,https://www.google.com/maps/place/CLUB+NEXUS+%C4%B0STANBUL/data=!4m7!3m6!1s0x14cab760f48788a1:0xf95b0dd2b34d4dde!8m2!3d41.0340592!4d28.9778471!16s%2Fg%2F11j2yld8y4!19sChIJoYiH9GC3yhQR3k1Ns9INW_k?authuser=0&hl=tr&rclk=1
Upperist,"4,1 yıldızlı 349 Yorum",Kapalı,⋅ Kapanış saati: 04:00,Bar,https://www.google.com/maps/place/Upperist/data=!4m7!3m6!1s0x14cab72b28c647c9:0x6dc01303e8a23759!8m2!3d41.0363865!4d28.9864071!16s%2Fg%2F11kt4_0kgw!19sChIJyUfGKCu3yhQRWTei6AMTwG0?authuser=0&hl=tr&rclk=1
Micasa Teras,"4,5 yıldızlı 95 Yorum",Açık,⋅ Kapanış saati: 00:00,Bar,https://www.google.com/maps/place/Micasa+Teras/data=!4m7!3m6!1s0x14cab73d9d70286f:0x20cf80b89e8c9566!8m2!3d41.036467!4d28.9815456!16s%2Fg%2F11ghndnnf8!19sChIJbyhwnT23yhQRZpWMnriAzyA?authuser=0&hl=tr&rclk=1
Ninova Cafe Bar,"4,7 yıldızlı 78 Yorum",Açık,⋅ Açılış saati: 17:00,Bar,https://www.google.com/maps/place/Ninova+Cafe+Bar/data=!4m7!3m6!1s0x14cab778a38398e3:0x3e9f984459e54b1e!8m2!3d41.0357857!4d28.9816694!16s%2Fg%2F11h4v7vjzw!19sChIJ45iDo3i3yhQRHkvlWUSYnz4?authuser=0&hl=tr&rclk=1
Leman Kültür Beyoğlu,"4,2 yıldızlı 335 Yorum",Kapalı,⋅ Kapanış saati: 03:00,Bar,https://www.google.com/maps/place/Leman+K%C3%BClt%C3%BCr+Beyo%C4%9Flu/data=!4m7!3m6!1s0x14cab766b0203827:0x778cbf41f46940e9!8m2!3d41.0358018!4d28.9812621!16s%2Fg%2F11ddydpkns!19sChIJJzggsGa3yhQR6UBp9EG_jHc?authuser=0&hl=tr&rclk=1
Beer Time,"3,5 yıldızlı 181 Yorum",Açık,⋅ Kapanış saati: 04:00,Bar,https://www.google.com/maps/place/Beer+Time/data=!4m7!3m6!1s0x14cab9ddeb00a963:0x36a6735da5d3898!8m2!3d41.0350489!4d28.9821505!16s%2Fg%2F1ptw5ppq8!19sChIJY6kA6925yhQRmDhd2jVnagM?authuser=0&hl=tr&rclk=1
Arpa Pub & Bar,"4,1 yıldızlı 61 Yorum",Açık,⋅ Açılış saati: 16:00,Bar,https://www.google.com/maps/place/Arpa+Pub+%26+Bar/data=!4m7!3m6!1s0x14cab9e0c156349f:0x595b04c4c65781fd!8m2!3d41.0288401!4d28.9742872!16s%2Fg%2F1hhh2h5fj!19sChIJnzRWweC5yhQR_YFXxsQEW1k?authuser=0&hl=tr&rclk=1
Büyük Londra Oteli Teras Bar,"4,3 yıldızlı 452 Yorum",Kapalı,⋅ Kapanış saati: 04:00,Bar,https://www.google.com/maps/place/B%C3%BCy%C3%BCk+Londra+Oteli+Teras+Bar/data=!4m7!3m6!1s0x14cab75ff6ef5027:0x534be2e8e56245cb!8m2!3d41.0325409!4d28.9752498!16s%2Fg%2F11fsn3cstp!19sChIJJ1Dv9l-3yhQRy0Vi5ejiS1M?authuser=0&hl=tr&rclk=1
The Red Balloon Restoran & Bar,"4,7 yıldızlı 401 Yorum",Açık,⋅ Kapanış saati: 04:00,Restoran,https://www.google.com/maps/place/The+Red+Balloon+Restoran+%26+Bar/data=!4m7!3m6!1s0x14cacb245fc93089:0x32a7320e134677f2!8m2!3d41.028916!4d28.974298!16s%2Fg%2F11swmjzx0y!19sChIJiTDJXyTLyhQR8ndGEw4ypzI?authuser=0&hl=tr&rclk=1
Harmony Hilltop bar,"4,9 yıldızlı 699 Yorum",Açık,⋅ Açılış saati: 15:00,Bar,https://www.google.com/maps/place/Harmony+Hilltop+bar/data=!4m7!3m6!1s0x14cab94f130b5503:0xa3ef2329b7ce0791!8m2!3d41.01312!4d28.977742!16s%2Fg%2F11t2vp83lb!19sChIJA1ULE0-5yhQRkQfOtykj76M?authuser=0&hl=tr&rclk=1
Aslanım Nevizade & Restorant,"4,1 yıldızlı 550 Yorum",Kapalı,⋅ Kapanış saati: 02:00,Restoran,https://www.google.com/maps/place/Aslan%C4%B1m+Nevizade+%26+Restorant/data=!4m7!3m6!1s0x14cab760ec7e3d51:0xc4265b49e2bdd751!8m2!3d41.0348252!4d28.9779104!16s%2Fg%2F1tgl67d0!19sChIJUT1-7GC3yhQRUde94klbJsQ?authuser=0&hl=tr&rclk=1
Zula Galata Rooftop Bar,"4,8 yıldızlı 380 Yorum",Açık,⋅ Açılış saati: 18:00,Kokteyl bar,https://www.google.com/maps/place/Zula+Galata+Rooftop+Bar/data=!4m7!3m6!1s0x14cab9131ad59e77:0xf4761f4769c70ba4!8m2!3d41.0258719!4d28.9723579!16s%2Fg%2F11ffw712d0!19sChIJd57VGhO5yhQRpAvHaUcfdvQ?authuser=0&hl=tr&rclk=1
La Fée,"4,5 yıldızlı 646 Yorum",Kapalı,⋅ Kapanış saati: 04:00,Bar,https://www.google.com/maps/place/La+F%C3%A9e/data=!4m7!3m6!1s0x14cab761d4d0ae83:0x55321cf870cf623e!8m2!3d41.0313722!4d28.9791096!16s%2Fg%2F1tfz7hy2!19sChIJg67Q1GG3yhQRPmLPcPgcMlU?authuser=0&hl=tr&rclk=1
Darkness,"3,2 yıldızlı 66 Yorum",Açık,⋅ Kapanış saati: 02:00,Bar,https://www.google.com/maps/place/Darkness/data=!4m7!3m6!1s0x14cab766b41946b1:0x2443bb1944a22995!8m2!3d41.0357155!4d28.9807976!16s%2Fg%2F1vk486sp!19sChIJsUYZtGa3yhQRlSmiRBm7QyQ?authuser=0&hl=tr&rclk=1
My Moon Karaoke Bar,"3,5 yıldızlı 200 Yorum",Açık,⋅ Açılış saati: 15:00,Karaoke bar,https://www.google.com/maps/place/My+Moon+Karaoke+Bar/data=!4m7!3m6!1s0x14cab7641ebfee0f:0x7d6b91f761660eca!8m2!3d41.0361586!4d28.9822766!16s%2Fg%2F1hc2xcgkd!19sChIJD-6_HmS3yhQRyg5mYfeRa30?authuser=0&hl=tr&rclk=1
Yan Gastro Bar,"4,3 yıldızlı 40 Yorum",Kapalı,⋅ Açılış saati: 21:00,Yemekli bar,https://www.google.com/maps/place/Yan+Gastro+Bar/data=!4m7!3m6!1s0x14cab7639bd9e74f:0xe418bd3a65baf9e2!8m2!3d41.0336004!4d28.9846001!16s%2Fg%2F1tg_19rb!19sChIJT-fZm2O3yhQR4vm6ZTq9GOQ?authuser=0&hl=tr&rclk=1
monkeyistanbul,"3,6 yıldızlı 1.134 Yorum",Kapalı,⋅ Açılış saati: 23:00,Kokteyl bar,https://www.google.com/maps/place/monkeyistanbul/data=!4m7!3m6!1s0x14cab9b886b94f97:0x978335e52cb33f74!8m2!3d41.0283651!4d28.9718488!16s%2Fg%2F11g0vwvl_3!19sChIJl0-5hri5yhQRdD-zLOU1g5c?authuser=0&hl=tr&rclk=1
Montreal Nevizade,"4,0 yıldızlı 592 Yorum",Kapalı,⋅ Kapanış saati: 02:00,Bar,https://www.google.com/maps/place/Montreal+Nevizade/data=!4m7!3m6!1s0x14cab760eb85d96f:0xc57b4d0f858dafbe!8m2!3d41.034802!4d28.977827!16s%2Fg%2F11f120_vpp!19sChIJb9mF62C3yhQRvq-NhQ9Ne8U?authuser=0&hl=tr&rclk=1
Öğrenci Kulübü Cafe&Bar,"4,3 yıldızlı 231 Yorum",Açık,⋅ Kapanış saati: 04:00,Bar,https://www.google.com/maps/place/%C3%96%C4%9Frenci+Kul%C3%BCb%C3%BC+Cafe%26Bar/data=!4m7!3m6!1s0x14cab766ad87dfe7:0x52022df2d1e5a34!8m2!3d41.0350729!4d28.9828012!16s%2Fg%2F11c2lrzv5s!19sChIJ59-HrWa3yhQRNFoeLd8iIAU?authuser=0&hl=tr&rclk=1
Bova Jazz Club,"4,6 yıldızlı 858 Yorum",Açık,⋅ Açılış saati: 19:00,Caz,https://www.google.com/maps/place/Bova+Jazz+Club/data=!4m7!3m6!1s0x14cab766a4081f4f:0x81436739d60da73b!8m2!3d41.0360995!4d28.9815485!16s%2Fg%2F11gbxd0tgr!19sChIJTx8IpGa3yhQRO6cN1jlnQ4E?authuser=0&hl=tr&rclk=1
Gizli Bahçe,"3,9 yıldızlı 667 Yorum",Kapalı,⋅ Açılış saati: 17:00,Bar,https://www.google.com/maps/place/Gizli+Bah%C3%A7e/data=!4m7!3m6!1s0x14cab760ecc9ed5d:0x9bac96ec626abd75!8m2!3d41.0349203!4d28.977859!16s%2Fg%2F1hc5jxk0m!19sChIJXe3J7GC3yhQRdb1qYuyWrJs?authuser=0&hl=tr&rclk=1
Fly Pera Live Music Club,"4,0 yıldızlı 222 Yorum",Kapalı,⋅ Kapanış saati: 00:00,Bar,https://www.google.com/maps/place/Fly+Pera+Live+Music+Club/data=!4m7!3m6!1s0x14cab7641f12a60d:0xc13cbc629f51ce5c!8m2!3d41.030086!4d28.9745541!16s%2Fg%2F1td3_5rw!19sChIJDaYSH2S3yhQRXM5Rn2K8PME?authuser=0&hl=tr&rclk=1
Cheeky Club İstanbul,"2,9 yıldızlı 144 Yorum",Açık,⋅ Açılış saati: 15:00,Gay Bar,https://www.google.com/maps/place/Cheeky+Club+%C4%B0stanbul/data=!4m7!3m6!1s0x14cab766cda232dd:0x21d69e72a07766d7!8m2!3d41.0374981!4d28.9833563!16s%2Fg%2F1hc0r_bzw!19sChIJ3TKizWa3yhQR12Z3oHKe1iE?authuser=0&hl=tr&rclk=1
Morkedi Gay Cafe,"3,9 yıldızlı 263 Yorum",Kapalı,⋅ Kapanış saati: 03:00,Kafe,https://www.google.com/maps/place/Morkedi+Gay+Cafe/data=!4m7!3m6!1s0x14cab766ad38aa01:0x1c33228e912d6482!8m2!3d41.035109!4d28.982938!16s%2Fg%2F1vl5d2vg!19sChIJAao4rWa3yhQRgmQtkY4iMxw?authuser=0&hl=tr&rclk=1
Çilem Bar,"4,4 yıldızlı 5 Yorum",Açık,⋅ Kapanış saati: 04:00,Bar,https://www.google.com/maps/place/%C3%87ilem+Bar/data=!4m7!3m6!1s0x14cab766bb5bd68f:0x13ef222532d41f9!8m2!3d41.0361037!4d28.9812218!16s%2Fg%2F1tl6n3wm!19sChIJj9Zbu2a3yhQR-UEtUyLyPgE?authuser=0&hl=tr&rclk=1
Show Türkü Bar,"4,5 yıldızlı 23 Yorum",Açık,⋅ Açılış saati: 20:30,Bar,https://www.google.com/maps/place/Show+T%C3%BCrk%C3%BC+Bar/data=!4m7!3m6!1s0x14cab7e3e1fba0fb:0x8701bbccdb743220!8m2!3d41.0352063!4d28.9773337!16s%2Fg%2F11qn3znxf9!19sChIJ-6D74eO3yhQRIDJ028y7AYc?authuser=0&hl=tr&rclk=1
Sheva Karaoke Pub Bar,"4,1 yıldızlı 39 Yorum",Kapalı,⋅ Açılış saati: 15:00,Karaoke bar,https://www.google.com/maps/place/Sheva+Karaoke+Pub+Bar/data=!4m7!3m6!1s0x14cab7641f3b1fd3:0x13aeced7d2709acf!8m2!3d41.0360325!4d28.9822256!16s%2Fg%2F11g7zwgtbh!19sChIJ0x87H2S3yhQRz5pw0tfOrhM?authuser=0&hl=tr&rclk=1
The Junction Restaurant & Bar,"3,7 yıldızlı 14 Yorum",Kapalı,⋅ Kapanış saati: 02:00,Bar,https://www.google.com/maps/place/The+Junction+Restaurant+%26+Bar/data=!4m7!3m6!1s0x14cab9e04381eef1:0x3295d066d6923c80!8m2!3d41.0310938!4d28.9745828!16s%2Fg%2F1tz7r3zf!19sChIJ8e6BQ-C5yhQRgDyS1mbQlTI?authuser=0&hl=tr&rclk=1
Havar túrkü evi,"4,0 yıldızlı 105 Yorum",Açık,⋅ Açılış saati: 15:00,Bar,https://www.google.com/maps/place/Havar+t%C3%BArk%C3%BC+evi/data=!4m7!3m6!1s0x14cab7614462fa9f:0x604fca37983ad26f!8m2!3d41.0344542!4d28.9809563!16s%2Fg%2F1tfz7hy1!19sChIJn_piRGG3yhQRb9I6mDfKT2A?authuser=0&hl=tr&rclk=1
Ninkasiasmali,"4,1 yıldızlı 90 Yorum",Kapalı,-,Bar,https://www.google.com/maps/place/Ninkasiasmali/data=!4m7!3m6!1s0x14cab95e4f55e171:0x47b604352d08ba94!8m2!3d41.0294557!4d28.9743025!16s%2Fg%2F11h3wljbyf!19sChIJceFVT165yhQRlLoILTUEtkc?authuser=0&hl=tr&rclk=1
Rosso Cafe & Karaoke Bar,"3,7 yıldızlı 246 Yorum",-,-,Karaoke bar,https://www.google.com/maps/place/Rosso+Cafe+%26+Karaoke+Bar/data=!4m7!3m6!1s0x14cab76116ecea43:0xc275ea2076ef21d4!8m2!3d41.035588!4d28.978246!16s%2Fg%2F11dyqycwy3!19sChIJQ-rsFmG3yhQR1CHvdiDqdcI?authuser=0&hl=tr&rclk=1
Nardis Jazz Club,"4,5 yıldızlı 1.611 Yorum",-,-,Caz,https://www.google.com/maps/place/Nardis+Jazz+Club/data=!4m7!3m6!1s0x14cac83986843ae1:0x49e70e32eb635a5f!8m2!3d41.0253208!4d28.973901!16s%2Fg%2F1hhk6hd2d!19sChIJ4TqEhjnIyhQRX1pj6zIO50k?authuser=0&hl=tr&rclk=1
Litera Restaurant / Lounge-Bar,"4,5 yıldızlı 924 Yorum",-,-,Restoran,https://www.google.com/maps/place/Litera+Restaurant+%2F+Lounge-Bar/data=!4m7!3m6!1s0x14cab76039512f3d:0x37ef49716a1d54e2!8m2!3d41.0323827!4d28.9778979!16s%2Fg%2F1tdv9m6n!19sChIJPS9ROWC3yhQR4lQdanFJ7zc?authuser=0&hl=tr&rclk=1
The Beatles Cafe,"4,0 yıldızlı 49 Yorum",-,-,Pub,https://www.google.com/maps/place/The+Beatles+Cafe/data=!4m7!3m6!1s0x14cab76134bc6953:0x5961e044bbae3416!8m2!3d41.0355205!4d28.9801304!16s%2Fg%2F1pp2wz1df!19sChIJU2m8NGG3yhQRFjSuu0TgYVk?authuser=0&hl=tr&rclk=1
Aurapera Karaoke Bar,"3,1 yıldızlı 103 Yorum",-,-,Karaoke bar,https://www.google.com/maps/place/Aurapera+Karaoke+Bar/data=!4m7!3m6!1s0x14cab760c32e2fbd:0x3af03454a230d8e6!8m2!3d41.0350248!4d28.9784158!16s%2Fg%2F1tk3d648!19sChIJvS8uw2C3yhQR5tgwolQ08Do?authuser=0&hl=tr&rclk=1
Snog Roof Bar,"4,1 yıldızlı 753 Yorum",-,-,Bar,https://www.google.com/maps/place/Snog+Roof+Bar/data=!4m7!3m6!1s0x14cab9e7145f183d:0x1a1622ce7f547809!8m2!3d41.0265784!4d28.9744557!16s%2Fg%2F11g7z9hwj6!19sChIJPRhfFOe5yhQRCXhUf84iFho?authuser=0&hl=tr&rclk=1
Simone Bar Food Wine,"4,7 yıldızlı 591 Yorum",-,-,Bar,https://www.google.com/maps/place/Simone+Bar+Food+Wine/data=!4m7!3m6!1s0x14cab9742c4ea055:0xe77698d111dfd744!8m2!3d41.0289641!4d28.9743228!16s%2Fg%2F11pzyt2vww!19sChIJVaBOLHS5yhQRRNffEdGYduc?authuser=0&hl=tr&rclk=1
